idUsrEMp;cod_usuario;idEmpresa;idGestor
1;"aalbuquerque";1
2;"aalencar";1
3;"aalmeida";1
4;"aalves";1
5;"aamartins";1
6;"aandrade";1
7;"aanunes";1
8;"aaragao";1
9;"aaraujo";1
10;"aarmedeiros";1
11;"aarodrigues";1
12;"abanzati";1
13;"abas";1
14;"abel";1
15;"aberneira";1
16;"abezerra";1
17;"abittencourt";1
18;"abneves";1
19;"abresser";1
20;"abrezende";1
21;"abrito";1
22;"absouza";1
23;"acajesus";1
24;"acarolina";1
25;"acarvalho";1
26;"acavalcante";1
27;"accalegari";1
28;"acdalmazio";1
29;"acerda";1
30;"acfirmino";1
31;"acms";1
32;"acoliveira";1
33;"acorreia";1
34;"acosta";1
35;"acquelhas";1
36;"acribeiro";1
37;"acristina";1
38;"acruz";1
39;"acsabonaro";1
40;"acsantos";1
41;"acsilva";1
42;"actassinari";1
43;"actavares";1
44;"acte";1
45;"adaiana";1
46;"adantas";1
47;"adauri";1
48;"adcarvalho";1
49;"adcruz";1
50;"addsouza";1
51;"adejunior";1
52;"adeliana";1
53;"ademar";1
54;"ademir";1
55;"adenani";1
56;"adgomes";1
57;"adiacopulos";1
58;"adias";1
59;"adiniz";1
60;"admoreira";1
61;"adnasilva";1
62;"adolfo";1
63;"adomingos";1
64;"adpsantos";1
65;"adriana";1
66;"adriano";1
67;"adsantos";1
68;"adsouza";1
69;"aduca";1
70;"advsilva";1
71;"aecandido";1
72;"aemorais";1
73;"afarias";1
74;"afaustino";1
75;"afchagas";1
76;"afeliciano";1
77;"aferreira";1
78;"afilho";1
79;"afiori";1
80;"aflima";1
81;"afmiranda";1
82;"afmoraes";1
83;"afoliveira";1
84;"afsilva";1
85;"agadomski";1
86;"agalera";1
87;"agalvao";1
88;"agarcia";1
89;"agfilho";1
90;"aglais";1
91;"agno";1
92;"agomes";1
93;"agoncalves";1
94;"agrosa";1
95;"agsantos";1
96;"ahartung";1
97;"ahbatista";1
98;"ahduca";1
99;"ahobi";1
100;"aholanda";1
101;"ahsilva";1
102;"aiacovski";1
103;"aida";1
104;"ajorge";1
105;"ajrsilva";1
106;"ajssouza";1
107;"ajunger";1
108;"ajunho";1
109;"akarla";1
110;"aklippel";1
111;"aklotz";1
112;"al2souza";1
113;"alane";1
114;"aldomyr";1
115;"alessandra";1
116;"alessandramc";1
117;"alessandraro";1
118;"alessandro";1
119;"alex";1
120;"alexandre";1
121;"alexos";1
122;"alexsander";1
123;"alexsandro";1
124;"alexssandro";1
125;"alferrao";1
126;"alfredo";1
127;"alice";1
128;"alima";1
129;"aline";1
130;"alinebn";1
131;"alinec";1
132;"alines";1
133;"alino";1
134;"alisson";1
135;"almir";1
136;"almoreira";1
137;"alnsilva";1
138;"aloliveira";1
139;"alopes";1
140;"alrodrigues";1
141;"alsilva";1
142;"alslima";1
143;"alucia";1
144;"amacedo";1
145;"amaldonado";1
146;"amanda";1
147;"amandao";1
148;"amartins";1
149;"amatos";1
150;"amauri";1
151;"ambraga";1
152;"amdias";1
153;"amello";1
154;"amenezes";1
155;"amferreira";1
156;"amgomes";1
157;"amilton";1
158;"amjunior";1
159;"amleite";1
160;"amoliveira";1
161;"amonfrad";1
162;"amoraes";1
163;"amorais";1
164;"amoreira";1
165;"amotta";1
166;"amoura";1
167;"amrocha";1
168;"amrodrigues";1
169;"amsantos";1
170;"amxavier";1
171;"ana";1
172;"ana paula";1
173;"anacarlac";1
174;"anacarolina";1
175;"anaclaudia";1
176;"anadomingues";1
177;"anagano";1
178;"anapaula";1
179;"anascimento";1
180;"anasilva";1
181;"anatercia";1
182;"anazario";1
183;"anbatista";1
184;"ancantero";1
185;"anderson";1
186;"andersonch";1
187;"andomingues";1
188;"andre";1
189;"andrea";1
190;"andrea.dsc";1
191;"andreags";1
192;"andreiavf";1
193;"andrem";1
194;"andressa";1
195;"andreza";1
196;"aneves";1
197;"angela";1
198;"angelica";1
199;"anna";1
200;"annelyse";1
201;"anogueira";1
202;"anoliveira";1
203;"anovo";1
204;"ansantos";1
205;"ansilva";1
206;"antonio";1
207;"antoniocs";1
208;"antsantos";1
209;"anunes";1
210;"aoliveira";1
211;"aonascimento";1
212;"aosilva";1
213;"apaloma";1
214;"aparecido";1
215;"apavan";1
216;"apbarbosa";1
217;"apcarvalho";1
218;"apdantas";1
219;"apdomingos";1
220;"apereira";1
221;"apmacedo";1
222;"apmsilva";1
223;"apneves";1
224;"apnunes";1
225;"apolezei";1
226;"apreceb";1
227;"apreis";1
228;"apsilva";1
229;"apsiqueira";1
230;"apsousa";1
231;"aqueiroz";1
232;"ardsilva";1
233;"areis";1
234;"aribeiro";1
235;"arinfurna";1
236;"arjunior";1
237;"arlem";1
238;"arlete";1
239;"armando";1
240;"arneto";1
241;"arnour";1
242;"arocha";1
243;"arodrigues";1
244;"aroliveira";1
245;"aromao";1
246;"arpereira";1
247;"arpsilva";1
248;"arsilva";1
249;"arsiqueira";1
250;"arthur drigo";1
251;"arthurdrigo";1
252;"artur";1
253;"asaborano";1
254;"asalgado";1
255;"asampaio";1
256;"asandrade";1
257;"asantanna";1
258;"asantino";1
259;"asantos";1
260;"asantos2";1
261;"asantos3";1
262;"ascunha";1
263;"asilva";1
264;"asilva2";1
265;"asiqueira";1
266;"asjunior";1
267;"aslima";1
268;"asobrinho";1
269;"asouto";1
270;"asouza";1
271;"aspantoja";1
272;"aspereira";1
273;"asrocha";1
274;"asrodrigues";1
275;"assantos";1
276;"assilva";1
277;"assis";1
278;"atalmeida";1
279;"atanski";1
280;"atavares";1
281;"atdemarchi";1
282;"atnascimento";1
283;"attila";1
284;"avachtagne";1
285;"avalente";1
286;"avcajaiba";1
287;"aviana";1
288;"avilela";1
289;"aviveiros";1
290;"avlalves";1
291;"avsilva";1
292;"azacarioto";1
293;"azaniboni";1
294;"balmeida";1
295;"bamaral";1
296;"bandrade";1
297;"bbalbio";1
298;"bbgomes";1
299;"bbonifacio";1
300;"bbsantos";1
301;"bcalmeida";1
302;"bcarvalho";1
303;"bccalazans";1
304;"bchaves";1
305;"bcorrea";1
306;"bcosta";1
307;"bdsilva";1
308;"bete";1
309;"bferreira";1
310;"bfischer";1
311;"bfsilva";1
312;"binacio";1
313;"bispo";1
314;"blima";1
315;"blsantos";1
316;"bluiz";1
317;"bluz";1
318;"bmaia";1
319;"bmelo";1
320;"boliveira";1
321;"bonifacio";1
322;"bpamorim";1
323;"bpatric";1
324;"bpinto";1
325;"bralmeida";1
326;"braraujo";1
327;"breno";1
328;"briani";1
329;"brlima";1
330;"brsouza";1
331;"bruna";1
332;"bruno";1
333;"bsantos";1
334;"bsboni";1
335;"bscorrea";1
336;"bserrao";1
337;"bsgarbi";1
338;"bsilva";1
339;"bsmenandro";1
340;"bsoares";1
341;"bsouza";1
342;"bssantos";1
343;"bvillela";1
344;"bzampieri";1
345;"cairo";1
346;"cajesus";1
347;"calves";1
348;"camaral";1
349;"camila";1
350;"camjunior";1
351;"cantunes";1
352;"capereira";1
353;"caribeiro";1
354;"carina";1
355;"carla";1
356;"carlaregia";1
357;"carlito";1
358;"carlos";1
359;"carlos.c2r";1
360;"carlos.faria";1
361;"carlosmj";1
362;"carlosmsj";1
363;"caroline";1
364;"casilva";1
365;"casouza";1
366;"cassandro";1
367;"cassiana";1
368;"cassio";1
369;"catharine";1
370;"cbaia";1
371;"cbelinasi";1
372;"cbenevides";1
373;"cbferreira";1
374;"cborn";1
375;"cbranco";1
376;"cbsouza";1
377;"ccabral";1
378;"ccamilo";1
379;"ccastro";1
380;"ccgoes";1
381;"cconte";1
382;"ccoviello";1
383;"ccsilva";1
384;"cdelvechio";1
385;"cdferreira";1
386;"cdgoncalves";1
387;"cdomingues";1
388;"cebarroso";1
389;"cesar";1
390;"cespinola";1
391;"cfabiana";1
392;"cfarias";1
393;"cfcampos";1
394;"cferreira";1
395;"cfmelo";1
396;"cfneves";1
397;"cfpanighel";1
398;"cfreitas";1
399;"cgalvao";1
400;"cgermano";1
401;"chonorato";1
402;"christiano";1
403;"chsilva";1
404;"cibele";1
405;"cicero";1
406;"cida";1
407;"cillo";1
408;"cinthia";1
409;"cintia.heto";1
410;"cioliveira";1
411;"cioliveiraci";1
412;"cjesus";1
413;"cjose";1
414;"cjpinheiro";1
415;"cjsilva";1
416;"cjsouza";1
417;"cjunior";1
418;"clara";1
419;"claudia";1
420;"claudiasouza";1
421;"claudimir";1
422;"claudio";1
423;"cleber";1
424;"cleide";1
425;"cleite";1
426;"cleiton";1
427;"clerioneia";1
428;"cleusa.totvs";1
429;"clfarias";1
430;"clferreira";1
431;"clima";1
432;"clscorrea";1
433;"clsilva";1
434;"cmantoani";1
435;"cmariano";1
436;"cmarinho";1
437;"cmartins";1
438;"cmcunha";1
439;"cmedeiros";1
440;"cmello";1
441;"cmelo";1
442;"cmenucci";1
443;"cmferreira";1
444;"cmmenezes";1
445;"cmorais";1
446;"cmorales";1
447;"cmoreno";1
448;"cnbezerra";1
449;"cneves";1
450;"cobrança";1
451;"cocastro";1
452;"coliveira";1
453;"cpsilva";1
454;"cqueiroz";1
455;"cribeiro";1
456;"cril";1
457;"crislaine";1
458;"cristhiane";1
459;"cristiana";1
460;"cristiane";1
461;"cristiano";1
462;"cristina";1
463;"crmoutinho";1
464;"crribeiro";1
465;"crsantos";1
466;"crsilva";1
467;"csalves";1
468;"csantana";1
469;"csantos";1
470;"csarmento";1
471;"csebastiao";1
472;"csedlak";1
473;"csilva";1
474;"csilvano";1
475;"csilveira";1
476;"csimoes";1
477;"csoares";1
478;"csouza";1
479;"csreis";1
480;"cssilva";1
481;"cstopassoli";1
482;"cszanetti";1
483;"ctavares";1
484;"cteixeira";1
485;"ctgsagioro";1
486;"ctheodoro";1
487;"ctomaz";1
488;"cvecha";1
489;"cvieira";1
490;"cvilas";1
491;"cvsilva";1
492;"cynthia";1
493;"czanetti";1
494;"dabiondo";1
495;"dacarvalho";1
496;"dadorno";1
497;"dafrittoli";1
498;"daiane";1
499;"dairanco";1
500;"dalbuquerque";1
501;"dalessandre";1
502;"dalm";1
503;"dalmeida";1
504;"dalva";1
505;"dalva martin";1
506;"damaral";1
507;"damaris";1
508;"danacleto";1
509;"dandrade";1
510;"dani";1
511;"daniel";1
512;"daniela";1
513;"danield";1
514;"daniele";1
515;"danieleb";1
516;"daniella";1
517;"danielle";1
518;"danilane";1
519;"danilo";1
520;"dansouza";1
521;"danuza";1
522;"daramazzini";1
523;"dasilva";1
524;"davi";1
525;"david";1
526;"dayana";1
527;"dbarreto";1
528;"dbasilio";1
529;"dbconceicao";1
530;"dbezerra";1
531;"dbnobrega";1
532;"dbrambate";1
533;"dbsantos";1
534;"dcabalin";1
535;"dcamargo";1
536;"dcampos";1
537;"dcapretti";1
538;"dcoelho";1
539;"dcortenove";1
540;"dcosta";1
541;"dcpercegona";1
542;"dcsilva";1
543;"ddelaia";1
544;"ddias";1
545;"debora";1
546;"deborafs";1
547;"deborarsb";1
548;"deise";1
549;"delias";1
550;"delmondes";1
551;"demarchi";1
552;"denis";1
553;"denise";1
554;"desanchez";1
555;"desiely";1
556;"dfalves";1
557;"dferreira";1
558;"dfgoncalves";1
559;"dflorio";1
560;"dfranchi";1
561;"dfreitas";1
562;"dfrittoli";1
563;"dfsantos";1
564;"dgalindo";1
565;"dgalmeida";1
566;"dgalvao";1
567;"dgarcia";1
568;"dgerbelli";1
569;"dglima";1
570;"dgoliveira";1
571;"dgoncalves";1
572;"dgrejani";1
573;"dgsilva";1
574;"dguilhen";1
575;"dholanda";1
576;"diego";1
577;"diogo";1
578;"disilva";1
579;"djesuino";1
580;"djmarquezini";1
581;"dkaltmaier";1
582;"dlascosque";1
583;"dlcapretti";1
584;"dlima";1
585;"dlira";1
586;"dlopes";1
587;"dlrsilva";1
588;"dmachado";1
589;"dmarques";1
590;"dmatos";1
591;"dmedeiros";1
592;"dmelo";1
593;"dmendes";1
594;"dmjesus";1
595;"dmonteiro";1
596;"dmorimoto";1
597;"dmosquim";1
598;"dmujica";1
599;"dnbezerra";1
600;"dneves";1
601;"dolisboa";1
602;"dorosa";1
603;"dosantos";1
604;"dpinheiro";1
605;"dpinho";1
606;"dpires";1
607;"dporto";1
608;"dpuppo";1
609;"dqueiroz";1
610;"drodrigues";1
611;"drodriguess";1
612;"droliveira";1
613;"drossetto";1
614;"drrodrigues";1
615;"drsouza";1
616;"drubio";1
617;"dsanchez";1
618;"dsantana";1
619;"dsantos";1
620;"dscnatalia";1
621;"dsena";1
622;"dserzedello";1
623;"dsilva";1
624;"dsmlima";1
625;"dsoliveira";1
626;"dsouza";1
627;"dssantos";1
628;"dssilva";1
629;"dssousa";1
630;"dtavares";1
631;"dteodozio";1
632;"dtrajano";1
633;"dtsouza";1
634;"dvmlucca";1
635;"dvolponi";1
636;"dwca";1
637;"dwruggeri";1
638;"eacordeiro";1
639;"eaguerra";1
640;"eaicat";1
641;"eaidce";1
642;"eaidli";1
643;"eaitce";1
644;"eaitgl";1
645;"eaitgx";1
646;"eaitla";1
647;"eaitli";1
648;"eaitlv";1
649;"ealbuquerque";1
650;"eallemand";1
651;"eandreia";1
652;"eapolinario";1
653;"earaujo";1
654;"easantos";1
655;"eazacarias";1
656;"eazevedo";1
657;"ebaraujo";1
658;"ebastos";1
659;"ebatista";1
660;"ebobatista";1
661;"ebrito";1
662;"ebsilva";1
663;"ecarnevali";1
664;"ecarvalho";1
665;"ecazevedo";1
666;"eccamillo";1
667;"eclamoroska";1
668;"econceicao";1
669;"ecosta";1
670;"ecristina";1
671;"ecsanchez";1
672;"ecsantos";1
673;"ecsilva";1
674;"ecsoares";1
675;"edcarvalho";1
676;"edilberto";1
677;"edilson";1
678;"edimilton";1
679;"edison.totvs";1
680;"edivan";1
681;"edmarques";1
682;"edmilson";1
683;"edna";1
684;"ednea";1
685;"edomingos";1
686;"edonizeti";1
687;"edrio";1
688;"edsantos";1
689;"edson.luis";1
690;"eduardo";1
691;"eeliane";1
692;"eesilva";1
693;"eestefani";1
694;"efarias";1
695;"efasilva";1
696;"efazane";1
697;"efernandes";1
698;"efirmino";1
699;"efonseca";1
700;"efsilva";1
701;"egarcia";1
702;"egoliveira";1
703;"eguedes";1
704;"ehalmeida";1
705;"ehmorellato";1
706;"elaina";1
707;"elaine";1
708;"elainemo";1
709;"elapim";1
710;"elder";1
711;"eleal";1
712;"eleme";1
713;"elflima";1
714;"eliana";1
715;"elianajr";1
716;"elias";1
717;"eliberati";1
718;"elisa";1
719;"elisangela";1
720;"elizabeth";1
721;"elizio";1
722;"elocateli";1
723;"eloina";1
724;"elopes";1
725;"elsantos";1
726;"emacedo";1
727;"emachado";1
728;"emanuel";1
729;"emaron";1
730;"emartins";1
731;"emello";1
732;"emerson";1
733;"emersonleal";1
734;"emessias";1
735;"emfigueiredo";1
736;"emolina";1
737;"emoreira";1
738;"emribeiro";1
739;"emsantos";1
740;"emsilva";1
741;"emsouza";1
742;"emtondato";1
743;"enascimento";1
744;"enesio";1
745;"enio";1
746;"ensantos";1
747;"enzo";1
748;"eoliveira";1
749;"epbellini";1
750;"epcabreira";1
751;"epinto";1
752;"epissinin";1
753;"epmagalhães";1
754;"epressi";1
755;"epsilva";1
756;"epyl";1
757;"eramos";1
758;"erdsantos";1
759;"eregina";1
760;"eribeiro";1
761;"erica";1
762;"erika";1
763;"erikas";1
764;"erikasantos";1
765;"erivalda";1
766;"erivaldo";1
767;"ernesto";1
768;"ersantana";1
769;"erui";1
770;"esacayemura";1
771;"esantana";1
772;"esanto";1
773;"esantos";1
774;"esilva";1
775;"eslepko";1
776;"eslima";1
777;"esoares";1
778;"esouza";1
779;"espaula";1
780;"essantos";1
781;"essilva";1
782;"eta";1
783;"etakata";1
784;"etcarvalho";1
785;"etelles";1
786;"etorquato";1
787;"eugenio";1
788;"evandro";1
789;"evanzuita";1
790;"evasconcelos";1
791;"evelinesilva";1
792;"evelyn";1
793;"everton";1
794;"evertonsilva";1
795;"ewmoliveira";1
796;"eysantos";1
797;"ezequiel";1
798;"fabiana";1
799;"fabiano";1
800;"fabio";1
801;"facruz";1
802;"faline";1
803;"falmeida";1
804;"falves";1
805;"fancilotto";1
806;"faoki";1
807;"faraujo";1
808;"fasilva";1
809;"fassunção";1
810;"favelino";1
811;"fbarberini";1
812;"fbattistini";1
813;"fbertolani";1
814;"fbezerra";1
815;"fbigai";1
816;"fbinda";1
817;"fbpires";1
818;"fbreda";1
819;"fbsilva";1
820;"fcampos";1
821;"fcardoso";1
822;"fcavalcante";1
823;"fcavellanha";1
824;"fccunha";1
825;"fchagas";1
826;"fcoelho";1
827;"fcoimbra";1
828;"fcolombini";1
829;"fcordeiro";1
830;"fcorreia";1
831;"fcota";1
832;"fcunha";1
833;"fddsantos";1
834;"fdestefano";1
835;"fdsantos";1
836;"fdyna";1
837;"felipe";1
838;"felipeb.sant";1
839;"fergus";1
840;"fernanda";1
841;"fernando";1
842;"ffagundes";1
843;"ffarias";1
844;"ffernandes";1
845;"fferrante";1
846;"ffilho";1
847;"ffmoraes";1
848;"ffreitas";1
849;"fgazal";1
850;"fgodoi";1
851;"fgoliveira";1
852;"fgomes";1
853;"fgouveia";1
854;"fhosken";1
855;"fhsilva";1
856;"figueiredo";1
857;"filipe";1
858;"fiorini";1
859;"fjribas";1
860;"fjunior";1
861;"fjusto";1
862;"flavia";1
863;"flaviacl";1
864;"flavio";1
865;"flaviol.gdl";1
866;"flbezerra";1
867;"flima";1
868;"fllima";1
869;"flsilva";1
870;"fmalves";1
871;"fmatos";1
872;"fmees";1
873;"fmenezes";1
874;"fmgabrielli";1
875;"fmiranda";1
876;"fmsantos";1
877;"fnanzer";1
878;"fneres";1
879;"fneta";1
880;"fneto";1
881;"fnunes";1
882;"folima";1
883;"foliveira";1
884;"fosilva";1
885;"foxavier";1
886;"fpacheco";1
887;"fpapa";1
888;"fparaujo";1
889;"fpbento";1
890;"fpereira";1
891;"fperon";1
892;"fpires";1
893;"fplacido";1
894;"fpluz";1
895;"fraiz";1
896;"francisco";1
897;"franklin";1
898;"frcsilva";1
899;"frdionisio";1
900;"freis";1
901;"fricardi";1
902;"friva";1
903;"frjunior";1
904;"froza";1
905;"frpires";1
906;"frsantos";1
907;"frussi";1
908;"fsales";1
909;"fsalves";1
910;"fsantos";1
911;"fschutzer";1
912;"fsegantini";1
913;"fsilva";1
914;"fsiqueira";1
915;"fsmiranda";1
916;"fsouza";1
917;"fsrissi";1
918;"fssantos";1
919;"ftito";1
920;"furbani";1
921;"fvalentim";1
922;"fvidigal";1
923;"fvital";1
924;"fvsilva";1
925;"fwellington";1
926;"gaaraujo";1
927;"gabriele";1
928;"gadejo";1
929;"gaguilar";1
930;"galmeida";1
931;"gamorim";1
932;"gamorin";1
933;"garaujo";1
934;"gasantos";1
935;"gbarbosa";1
936;"gbrandao";1
937;"gbuildup";1
938;"gcancion";1
939;"gcantelli";1
940;"gcarvalho";1
941;"gcavallini";1
942;"gcgomes";1
943;"gciancio";1
944;"gdamasceno";1
945;"geisa";1
946;"genil";1
947;"gennaro";1
948;"gerdineide";1
949;"gerocha";1
950;"gfcosta";1
951;"gferreira";1
952;"gfilho";1
953;"gflorencio";1
954;"gflores";1
955;"gfrodrigues";1
956;"gfsantos";1
957;"ggasparotto";1
958;"ghdias";1
959;"ghiulia";1
960;"ghsilva";1
961;"gicgomes";1
962;"gilberto";1
963;"gilmar";1
964;"gilmara";1
965;"giovana";1
966;"giovanna.ort";1
967;"giselle";1
968;"gjunior";1
969;"gleite";1
970;"gmalaquias";1
971;"gmantovani";1
972;"gmanzoni";1
973;"gmendes";1
974;"gmfonseca";1
975;"gmiranda";1
976;"gmonteiro";1
977;"gmorais";1
978;"gmourao";1
979;"gmurias";1
980;"gnascimento";1
981;"gpalmieri";1
982;"gpitol";1
983;"gpmdsc";1
984;"gprocha";1
985;"grcs";1
986;"grebelato";1
987;"grenove";1
988;"grocha";1
989;"gsanchez";1
990;"gsantana";1
991;"gsantos";1
992;"gsilva";1
993;"gsobrinho";1
994;"gsouza";1
995;"gssaraiva";1
996;"guilherme";1
997;"gustavo";1
998;"gustavoz";1
999;"gvferreira";1
1000;"gviana";1
1001;"gvieira";1
1002;"gvitorino";1
1003;"gwribeiro";1
1004;"haraujo";1
1005;"hbarbosa";1
1006;"hcardoso";1
1007;"hcosta";1
1008;"helio";1
1009;"hemaess";1
1010;"hendy";1
1011;"herbert";1
1012;"herminio";1
1013;"hevelin";1
1014;"hguizelini";1
1015;"hilquias";1
1016;"hipolito";1
1017;"hlaraujo";1
1018;"hmcosta";1
1019;"hnovais";1
1020;"hribeiro";1
1021;"hrodrigues";1
1022;"hrreis";1
1023;"hsanchez";1
1024;"hsilva";1
1025;"hsouza";1
1026;"hspereira";1
1027;"htavares";1
1028;"hudson";1
1029;"hugo";1
1030;"hvicente";1
1031;"iajunior";1
1032;"ian";1
1033;"ibcruz";1
1034;"iborgo";1
1035;"icarolina";1
1036;"icosoares";1
1037;"icosta";1
1038;"icsantos";1
1039;"icsilva";1
1040;"idaloia";1
1041;"iferreira";1
1042;"ifilho";1
1043;"igoncalves";1
1044;"igor.borgo";1
1045;"igsilva";1
1046;"ijfilho";1
1047;"ikemori";1
1048;"ilma";1
1049;"ilson";1
1050;"ilucio";1
1051;"imarchezetti";1
1052;"imiller";1
1053;"imsilva";1
1054;"ingrid";1
1055;"inunes";1
1056;"ioliveira";1
1057;"ione";1
1058;"iplira";1
1059;"iqsilva";1
1060;"irangel";1
1061;"iravanelo";1
1062;"irp";1
1063;"isabella";1
1064;"isantos";1
1065;"isilva";1
1066;"ismael";1
1067;"itramos";1
1068;"ivonete";1
1069;"ixavier";1
1070;"izabel";1
1071;"jaamorim";1
1072;"jabdala";1
1073;"jaciara";1
1074;"jackeline";1
1075;"jackson";1
1076;"jadao";1
1077;"jadejo";1
1078;"jaderson";1
1079;"jaferreira";1
1080;"jair";1
1081;"jajesus";1
1082;"jalmeida";1
1083;"jamarante";1
1084;"jamerico";1
1085;"jamily";1
1086;"janainas";1
1087;"janainasn";1
1088;"janete";1
1089;"janine";1
1090;"jaono";1
1091;"japarecida";1
1092;"japatriota";1
1093;"japereira";1
1094;"jaraujo";1
1095;"jarbas";1
1096;"jarruda";1
1097;"jasouza";1
1098;"jazer";1
1099;"jbalbina";1
1100;"jbarbosa";1
1101;"jbarreto";1
1102;"jbego";1
1103;"jbezerra";1
1104;"jborba";1
1105;"jbsilva";1
1106;"jcaetano";1
1107;"jcallegari";1
1108;"jcamilo";1
1109;"jcampos";1
1110;"jcardoso";1
1111;"jcarlos";1
1112;"jcarvalho";1
1113;"jcasilva";1
1114;"jccxavier";1
1115;"jcferreira";1
1116;"jcfilho";1
1117;"jcoliveira";1
1118;"jcosta";1
1119;"jcruz";1
1120;"jcsilva";1
1121;"jcsouza";1
1122;"jcsrocha";1
1123;"jctavares";1
1124;"jcunha";1
1125;"jcxavier";1
1126;"jdalves";1
1127;"jdamasceno";1
1128;"jdefendi";1
1129;"jdias";1
1130;"jdlnollen";1
1131;"jdsilva";1
1132;"jdssantana";1
1133;"jduarte";1
1134;"jeferson";1
1135;"jeffersonaf";1
1136;"jegaldino";1
1137;"jennifer";1
1138;"jesjunior";1
1139;"jessica";1
1140;"jferrari";1
1141;"jferreira";1
1142;"jfigueredo";1
1143;"jfjunior";1
1144;"jfreitas";1
1145;"jfsantos";1
1146;"jgiusti";1
1147;"jgjunior";1
1148;"jgsantos";1
1149;"jgsilva";1
1150;"jgustavo";1
1151;"jhelder";1
1152;"jhtavares";1
1153;"jjsilva";1
1154;"jldonella";1
1155;"jlemes";1
1156;"jlemos";1
1157;"jlfc";1
1158;"jlgfilho";1
1159;"jlima";1
1160;"jlinhaus";1
1161;"jloliveira";1
1162;"jlopes";1
1163;"jmachado";1
1164;"jmarcandali";1
1165;"jmariano";1
1166;"jmartins";1
1167;"jmasquiari";1
1168;"jmateus";1
1169;"jmc";1
1170;"jmcosta";1
1171;"jmdasilva";1
1172;"jmdsilva";1
1173;"jmendes";1
1174;"jmmoreira";1
1175;"jmoliveira";1
1176;"jmpereira";1
1177;"jmsilva";1
1178;"jnascimento";1
1179;"jnbravim";1
1180;"jneto";1
1181;"jnetosilva";1
1182;"jnunes";1
1183;"joao";1
1184;"joao neto";1
1185;"joaotaddeu";1
1186;"joel";1
1187;"joliveira";1
1188;"jorge";1
1189;"jose";1
1190;"josiane";1
1191;"josilmar";1
1192;"josimar";1
1193;"jovangdl";1
1194;"jpacola";1
1195;"jpaulo";1
1196;"jpcamargo";1
1197;"jpenha";1
1198;"jpereira";1
1199;"jpferreira";1
1200;"jpianowski";1
1201;"jpianowsky";1
1202;"jpsantos";1
1203;"jpsilva";1
1204;"jpviana";1
1205;"jradaelle";1
1206;"jramazini";1
1207;"jramos";1
1208;"jrcampos";1
1209;"jrego";1
1210;"jreliseu";1
1211;"jrlopes";1
1212;"jroberto";1
1213;"jrocha";1
1214;"jroliveira";1
1215;"jrsilva";1
1216;"jrsjunior";1
1217;"jsabino";1
1218;"jsampaio";1
1219;"jsanhanha";1
1220;"jsantana";1
1221;"jsantos";1
1222;"jsatiro";1
1223;"jschneider";1
1224;"jsdias";1
1225;"jsgusmao";1
1226;"jsilva";1
1227;"jsilvaoi";1
1228;"jsilvas";1
1229;"jsilveira";1
1230;"jsmelo";1
1231;"jsoares";1
1232;"jsobral";1
1233;"jsoliveira";1
1234;"jsombrio";1
1235;"jsong";1
1236;"jsouza";1
1237;"jssantana";1
1238;"jsseles";1
1239;"jssilva";1
1240;"jssilveira";1
1241;"jstafleu";1
1242;"jsteixeira";1
1243;"jtadeu";1
1244;"jtanasovichi";1
1245;"jtavares";1
1246;"jthomaz";1
1247;"jtsilva";1
1248;"juliana";1
1249;"julianasilva";1
1250;"juliano";1
1251;"julio";1
1252;"junior";1
1253;"jurandir";1
1254;"juridico";1
1255;"juscelino";1
1256;"juvenal";1
1257;"jvbraga";1
1258;"jvferreira";1
1259;"jvianna";1
1260;"jvribeiro";1
1261;"jvsilva";1
1262;"jwgeraldo";1
1263;"jwlopes";1
1264;"jwreis";1
1265;"jwsantos";1
1266;"jxms";1
1267;"k.silva";1
1268;"kalves";1
1269;"karaujo";1
1270;"karen";1
1271;"karina";1
1272;"kasouza";1
1273;"katia";1
1274;"kbarros";1
1275;"kbasito";1
1276;"kbsena";1
1277;"kele";1
1278;"kelly";1
1279;"kerlei.totvs";1
1280;"ketty";1
1281;"keviegas";1
1282;"kfelix";1
1283;"kferreira";1
1284;"kfselvatice";1
1285;"kizidro";1
1286;"kjsilva";1
1287;"kkmoura";1
1288;"kmessias";1
1289;"kmoraes";1
1290;"kmoura";1
1291;"knascimento";1
1292;"kovac";1
1293;"kpajor";1
1294;"krbicalho";1
1295;"kroberta";1
1296;"ksantos";1
1297;"ksilva";1
1298;"ksnascimento";1
1299;"ksouza";1
1300;"kssilva";1
1301;"laciane";1
1302;"ladsantos";1
1303;"laerte";1
1304;"lagomes";1
1305;"lais";1
1306;"laiza";1
1307;"lakatsuka";1
1308;"lalves";1
1309;"laparecida";1
1310;"laparecido";1
1311;"larayani";1
1312;"larigomes";1
1313;"larissa";1
1314;"larissa.lima";1
1315;"lasantos";1
1316;"lasilva";1
1317;"latomaz";1
1318;"lauriete.tot";1
1319;"laydiane";1
1320;"lbliberato";1
1321;"lbraganca";1
1322;"lbrito";1
1323;"lbruzzi";1
1324;"lcarbo";1
1325;"lcarmo";1
1326;"lcarneiro";1
1327;"lcarvalho";1
1328;"lcbpaula";1
1329;"lcbrito";1
1330;"lccunha";1
1331;"lcfsilva";1
1332;"lcmonteiro";1
1333;"lcmsilva";1
1334;"lcorrea";1
1335;"lcristino";1
1336;"lcruz";1
1337;"lcsilva";1
1338;"lcsousa";1
1339;"ldamorim";1
1340;"ldjacques";1
1341;"ldsilva";1
1342;"ldtortelote";1
1343;"leandro";1
1344;"leandroari";1
1345;"leandrose";1
1346;"lecimari";1
1347;"legiane";1
1348;"leila";1
1349;"lenon";1
1350;"leosouza";1
1351;"lepage";1
1352;"lesilva";1
1353;"lestewan";1
1354;"leticia";1
1355;"lfassarella";1
1356;"lfernandes";1
1357;"lfeu";1
1358;"lflobato";1
1359;"lflorentini";1
1360;"lfreitas";1
1361;"lfrodrigues";1
1362;"lfsilva";1
1363;"lfurtado";1
1364;"lgamaral";1
1365;"lgiangiacomo";1
1366;"lgneves";1
1367;"lgomes";1
1368;"lgrillo";1
1369;"lguimaraes";1
1370;"lhpadilha";1
1371;"lhpsantos";1
1372;"liliam";1
1373;"lilian";1
1374;"lima";1
1375;"ljacques";1
1376;"ljardim";1
1377;"ljsoares";1
1378;"ljunior";1
1379;"lkishi";1
1380;"lkproenca";1
1381;"lksousa";1
1382;"lksouza";1
1383;"llima";1
1384;"llinari";1
1385;"llopes";1
1386;"llp";1
1387;"llucas";1
1388;"lluiz";1
1389;"llvieira";1
1390;"lmacedo";1
1391;"lmachado";1
1392;"lmancini";1
1393;"lmangueira";1
1394;"lmariotto";1
1395;"lmartins";1
1396;"lmatos";1
1397;"lmileipe";1
1398;"lmmarcal";1
1399;"lmoliveira";1
1400;"lmonteiro";1
1401;"lmoraes";1
1402;"lmoreira";1
1403;"lmsantos";1
1404;"lmsilva";1
1405;"lmuniz";1
1406;"lnunes";1
1407;"lo";1
1408;"lohana.gdl";1
1409;"loliveira";1
1410;"losouza";1
1411;"lpalma";1
1412;"lpasini";1
1413;"lpaulo";1
1414;"lpegurier";1
1415;"lperdao";1
1416;"lpereira";1
1417;"lpinheiro";1
1418;"lpinozi";1
1419;"lpmaidanchen";1
1420;"lpontes";1
1421;"lpuiatti";1
1422;"lqfraga";1
1423;"lquillo";1
1424;"lquitzau";1
1425;"lrbarros";1
1426;"lreis";1
1427;"lribeiro";1
1428;"lriberiro";1
1429;"lrneto";1
1430;"lrodrigues";1
1431;"lsanches";1
1432;"lsantos";1
1433;"lsapateiro";1
1434;"lsbezerra";1
1435;"lsillos";1
1436;"lsilva";1
1437;"lsmaceio";1
1438;"lsmoreira";1
1439;"lsoares";1
1440;"lsosantos";1
1441;"lsouto";1
1442;"lsrezende";1
1443;"lssilva";1
1444;"ltoneli";1
1445;"ltonelli";1
1446;"ltorres";1
1447;"ltrentin";1
1448;"luana";1
1449;"luazeredo";1
1450;"lucas";1
1451;"luciana";1
1452;"luciana2";1
1453;"luciano";1
1454;"lucilene";1
1455;"lucineia";1
1456;"lucio";1
1457;"luigi";1
1458;"luis";1
1459;"luise";1
1460;"luiz";1
1461;"lvargas";1
1462;"lvaz";1
1463;"lviana";1
1464;"mabadia";1
1465;"magda";1
1466;"magno";1
1467;"mahyra";1
1468;"malbuquerque";1
1469;"malexandre";1
1470;"malmeida";1
1471;"malvarenga";1
1472;"malves";1
1473;"mamota";1
1474;"mandrade";1
1475;"manoela";1
1476;"mantonio";1
1477;"mapfjunior";1
1478;"marajs";1
1479;"maraujo";1
1480;"marcel";1
1481;"marcelo";1
1482;"marchesi";1
1483;"marcio";1
1484;"marcio latta";1
1485;"marcio.totvs";1
1486;"marcos";1
1487;"marcus";1
1488;"mareis";1
1489;"margarete";1
1490;"maria";1
1491;"mariaaf";1
1492;"mariafsilva";1
1493;"marianatp";1
1494;"marianna";1
1495;"marie";1
1496;"mario";1
1497;"marisa";1
1498;"maristela";1
1499;"marlon";1
1500;"marly";1
1501;"mary";1
1502;"masousa";1
1503;"massis";1
1504;"maurici";1
1505;"maurilio.dsc";1
1506;"maycon.silva";1
1507;"mbalves";1
1508;"mbarreto";1
1509;"mberudio";1
1510;"mbessa";1
1511;"mboliveira";1
1512;"mburock";1
1513;"mcandeia";1
1514;"mcardoso";1
1515;"mcardozo";1
1516;"mcarvalho";1
1517;"mcastro";1
1518;"mcaxias";1
1519;"mcjunior";1
1520;"mcoliveira";1
1521;"mcolletta";1
1522;"mcristina";1
1523;"mdantas";1
1524;"mdasilva";1
1525;"mdiluciano";1
1526;"mdluciano";1
1527;"mdsilva";1
1528;"medina";1
1529;"meletti";1
1530;"melina";1
1531;"mercia";1
1532;"mesilva";1
1533;"messias";1
1534;"mfaria";1
1535;"mfeitoza";1
1536;"mfernanda";1
1537;"mfernandes";1
1538;"mferreira";1
1539;"mfilho";1
1540;"mflorencio";1
1541;"mfranca";1
1542;"mfreitas";1
1543;"mfriesen";1
1544;"mfsantos";1
1545;"mfsantos2";1
1546;"mfsilva";1
1547;"mfsouza";1
1548;"mgalvao";1
1549;"mgnascimento";1
1550;"mgomes";1
1551;"mgonçalves";1
1552;"mgouveia";1
1553;"mgrec";1
1554;"mgsilva";1
1555;"mguerra";1
1556;"mhage";1
1557;"mhenrique";1
1558;"mhgoncalves";1
1559;"mhgrec";1
1560;"mhleite";1
1561;"mhruggeri";1
1562;"michel";1
1563;"michele";1
1564;"miguel";1
1565;"milton";1
1566;"miriam";1
1567;"miriam.rapos";1
1568;"mjacielma";1
1569;"mjbatista";1
1570;"mjesus";1
1571;"mjose";1
1572;"mjsantos";1
1573;"mjsilva";1
1574;"mjtavares";1
1575;"mjuliana";1
1576;"mkmoreira";1
1577;"mlara";1
1578;"mlattaro";1
1579;"mlbatista";1
1580;"mlemos";1
1581;"mlima";1
1582;"mlinhares";1
1583;"mlopes";1
1584;"mlpaula";1
1585;"mlsilva";1
1586;"mluciano";1
1587;"mlujan";1
1588;"mmagalhaes";1
1589;"mmanoel";1
1590;"mmansur";1
1591;"mmarques";1
1592;"mmaselco";1
1593;"mmatias";1
1594;"mmaura";1
1595;"mmbarandas";1
1596;"mmcarvalho";1
1597;"mmedeiros";1
1598;"mmenezes";1
1599;"mmfonseca";1
1600;"mmgomes";1
1601;"mmgomez";1
1602;"mmsantos";1
1603;"mnascimento";1
1604;"mnemeth";1
1605;"mneto";1
1606;"mogura";1
1607;"moises";1
1608;"molero";1
1609;"moliveira";1
1610;"moms";1
1611;"monica";1
1612;"mpalves";1
1613;"mpanteri";1
1614;"mpaula";1
1615;"mpcarvalho";1
1616;"mpeixoto";1
1617;"mpereira";1
1618;"mpessotti";1
1619;"mpierri";1
1620;"mpimentel";1
1621;"mpironato";1
1622;"mplazzari";1
1623;"mplima";1
1624;"mprado";1
1625;"mpsouza";1
1626;"mqalves";1
1627;"mqlopes";1
1628;"mquintiliano";1
1629;"mramos";1
1630;"mrandretta";1
1631;"mrenata";1
1632;"mrfreitas";1
1633;"mribeiro";1
1634;"mribeirodsc";1
1635;"mrocha";1
1636;"mrodrigues";1
1637;"mroliveira";1
1638;"mrosolem";1
1639;"mrpassos";1
1640;"mrpera";1
1641;"mrsantos";1
1642;"mrsousa";1
1643;"mrsouza";1
1644;"msa";1
1645;"msacramento";1
1646;"msalvador";1
1647;"msantos";1
1648;"msbraga";1
1649;"msdsilva";1
1650;"mserafim";1
1651;"msfernandes";1
1652;"msgomes";1
1653;"msilva";1
1654;"msilveira";1
1655;"msoares";1
1656;"msoliveira";1
1657;"msousa";1
1658;"msrsouza";1
1659;"mssantos";1
1660;"mssilva";1
1661;"mstevanatto";1
1662;"mtagami";1
1663;"mteixeira";1
1664;"mtinti";1
1665;"mtodorov";1
1666;"mvalmeida";1
1667;"mvbalmeida";1
1668;"mvelensuela";1
1669;"mvenancio";1
1670;"mvinicius";1
1671;"mvlima";1
1672;"mvmota";1
1673;"mvpereira";1
1674;"mvsilva";1
1675;"mvsouza";1
1676;"mwypych";1
1677;"mxavier";1
1678;"mzanuto";1
1679;"nadejo";1
1680;"naete";1
1681;"naira";1
1682;"nastaides";1
1683;"natalia";1
1684;"nathália";1
1685;"nayara";1
1686;"nbaraujo";1
1687;"nbuzatto";1
1688;"ncaffaro";1
1689;"ncbezerra";1
1690;"ncordova";1
1691;"ncsantos";1
1692;"ndespesi";1
1693;"ndsilva";1
1694;"nerivaldo";1
1695;"nesilva";1
1696;"neuzeli";1
1697;"ney";1
1698;"nfernandes";1
1699;"nfilho";1
1700;"nfortunato";1
1701;"ngomes";1
1702;"nilton";1
1703;"nilva";1
1704;"nivea";1
1705;"njamaral";1
1706;"njmaio";1
1707;"njunior";1
1708;"nloures";1
1709;"nmatos";1
1710;"nmsilva";1
1711;"nocasyst";1
1712;"nodespesi";1
1713;"noemi";1
1714;"noliveira";1
1715;"normagomes";1
1716;"npaoloni";1
1717;"nquintiliano";1
1718;"nrsilva";1
1719;"nsilva";1
1720;"nsilveira";1
1721;"nsordonio";1
1722;"nsouza";1
1723;"ntavares";1
1724;"ntkarassawa";1
1725;"ntolentino";1
1726;"nuamaral";1
1727;"oalmeida";1
1728;"oasilva";1
1729;"obestel";1
1730;"ofernandes";1
1731;"ojunior";1
1732;"onias";1
1733;"osalvador";1
1734;"osoliveira";1
1735;"oswaldo";1
1736;"oto";1
1737;"ovale";1
1738;"oziel";1
1739;"pablo";1
1740;"palexandre";1
1741;"palmeida";1
1742;"pamela";1
1743;"pandrade";1
1744;"pantunes";1
1745;"patricia";1
1746;"patrick";1
1747;"paula";1
1748;"paulo";1
1749;"paulojr";1
1750;"paulomogi";1
1751;"paulorcs";1
1752;"pbarbosa";1
1753;"pbcsilva";1
1754;"pbicudo";1
1755;"pbjunior";1
1756;"pbmoraes";1
1757;"pburgani";1
1758;"pcavallero";1
1759;"pchicarolli";1
1760;"pcneitzel";1
1761;"pdamasio";1
1762;"pdamiao";1
1763;"pedro";1
1764;"pedro.neves";1
1765;"pelosi";1
1766;"percilia";1
1767;"pereira";1
1768;"perola";1
1769;"peter";1
1770;"pfalmeida";1
1771;"pfantonio";1
1772;"pfavali";1
1773;"pfernanda";1
1774;"pferreira";1
1775;"pfonseca";1
1776;"pgmartins";1
1777;"pgomes";1
1778;"pheiden";1
1779;"phramos";1
1780;"phsantos";1
1781;"piero";1
1782;"pizidoro";1
1783;"pjunior";1
1784;"pleite";1
1785;"plporto";1
1786;"pmacedo";1
1787;"pmarchello";1
1788;"pmmachado";1
1789;"pmonteiro";1
1790;"pmori";1
1791;"pmoura";1
1792;"pnascimento";1
1793;"poliservice";1
1794;"poliservice3";1
1795;"poliservice4";1
1796;"porsso";1
1797;"portega";1
1798;"ppitondo";1
1799;"pprecinotti";1
1800;"pproetti";1
1801;"prbarbosa";1
1802;"priscila";1
1803;"prmanzini";1
1804;"proberto";1
1805;"procha";1
1806;"proliveira";1
1807;"prsilva";1
1808;"psa";1
1809;"psalgado";1
1810;"pscosta";1
1811;"psgadelha";1
1812;"psilas";1
1813;"psilva";1
1814;"psilveira";1
1815;"psleite";1
1816;"pssilveira";1
1817;"pssouza";1
1818;"pstradiotto";1
1819;"ptunes";1
1820;"pvacileski";1
1821;"pvasconcelos";1
1822;"pvbarbosa";1
1823;"pvieira";1
1824;"pvirgem";1
1825;"pwagner";1
1826;"pyamaguti";1
1827;"pyamaguti2";1
1828;"qassis";1
1829;"qbassis";1
1830;"rabreu";1
1831;"radiana";1
1832;"rafael";1
1833;"rafaela";1
1834;"rafaelsouza";1
1835;"rafreitas";1
1836;"ragnar";1
1837;"raiane";1
1838;"raleixo";1
1839;"ralmeida";1
1840;"ralonso";1
1841;"ramilla";1
1842;"raquel";1
1843;"rarocha";1
1844;"rasantos";1
1845;"rasena";1
1846;"rayane";1
1847;"rbandeira";1
1848;"rbarbosa";1
1849;"rbarros";1
1850;"rbastas";1
1851;"rbatista";1
1852;"rbessa";1
1853;"rbonomi";1
1854;"rbrandao";1
1855;"rbsilva";1
1856;"rbsousa";1
1857;"rcabral";1
1858;"rcaetano";1
1859;"rcarvalho";1
1860;"rcassola";1
1861;"rcavalcanti";1
1862;"rccordeiro";1
1863;"rcferreira";1
1864;"rchamas";1
1865;"rcipriano";1
1866;"rclima";1
1867;"rconceção";1
1868;"rconceição";1
1869;"rcorrea";1
1870;"rcosta";1
1871;"rcrs";1
1872;"rcsales";1
1873;"rcsantos";1
1874;"rdelfino";1
1875;"rdferro";1
1876;"rdias";1
1877;"rdodde";1
1878;"rdrumond";1
1879;"rdsantos";1
1880;"rdsarto";1
1881;"rdsilva";1
1882;"rduci";1
1883;"refalmeida";1
1884;"regiane";1
1885;"regina";1
1886;"regis";1
1887;"reinia";1
1888;"relima";1
1889;"renan";1
1890;"renanbarbosa";1
1891;"renata";1
1892;"renatabal";1
1893;"renatas";1
1894;"renatass";1
1895;"renato";1
1896;"renato.totvs";1
1897;"rensilva";1
1898;"rfakler";1
1899;"rfalmeida";1
1900;"rfantini";1
1901;"rfbarbosa";1
1902;"rfduarte";1
1903;"rfeijoo";1
1904;"rfernandes";1
1905;"rferreira";1
1906;"rffvdsc";1
1907;"rfialho";1
1908;"rfigueiredo";1
1909;"rfpereira";1
1910;"rfreitas";1
1911;"rfsantos";1
1912;"rgandrade";1
1913;"rgargantini";1
1914;"rgarrucho";1
1915;"rgbezerra";1
1916;"rgmaximo";1
1917;"rgodoi";1
1918;"rgomes";1
1919;"rgoncalves";1
1920;"rgrodrigues";1
1921;"rgsilveira";1
1922;"rgvieira";1
1923;"ricardo";1
1924;"ridamar";1
1925;"riqueli";1
1926;"rita";1
1927;"rjacinto";1
1928;"rjardim";1
1929;"rjorge";1
1930;"rklein";1
1931;"rkooiti";1
1932;"rlanes";1
1933;"rlaura";1
1934;"rlbreda";1
1935;"rleal";1
1936;"rlima";1
1937;"rlourenco";1
1938;"rlsilva";1
1939;"rluz";1
1940;"rlwildner";1
1941;"rmachado";1
1942;"rmagria";1
1943;"rmalaquias";1
1944;"rmaria";1
1945;"rmarruda";1
1946;"rmartins";1
1947;"rmcaetano";1
1948;"rmcleite";1
1949;"rmedina";1
1950;"rmeier";1
1951;"rmelo";1
1952;"rmendes";1
1953;"rmerces";1
1954;"rmferreira";1
1955;"rmgomes";1
1956;"rmioto";1
1957;"rmleite";1
1958;"rmonteiro";1
1959;"rmoro";1
1960;"rmoura";1
1961;"rmsantos";1
1962;"rmukai";1
1963;"rnakajima";1
1964;"rnani";1
1965;"rnascimento";1
1966;"rncosta";1
1967;"rneves";1
1968;"rnmelo";1
1969;"rnobres";1
1970;"rnsantos";1
1971;"rnsilva";1
1972;"rnugnezi";1
1973;"roberta";1
1974;"robertacs";1
1975;"roberto";1
1976;"robson";1
1977;"rocha";1
1978;"rodrigo";1
1979;"rodrigo.dsc";1
1980;"rodrigo.totv";1
1981;"rodrigoso";1
1982;"rodrigues";1
1983;"rofernandes";1
1984;"rogerio";1
1985;"roliveira";1
1986;"roluz";1
1987;"roman";1
1988;"ronaldosn";1
1989;"ronaldovs";1
1990;"ronny";1
1991;"rony";1
1992;"roque";1
1993;"rosa";1
1994;"rosana";1
1995;"rosana.dsc";1
1996;"rosane";1
1997;"rosangela";1
1998;"rosantos";1
1999;"rose";1
2000;"rosilea";1
2001;"rosilva";1
2002;"rosival";1
2003;"rosouza";1
2004;"rpafretes";1
2005;"rpagm";1
2006;"rpaiva";1
2007;"rpassos";1
2008;"rpbispo";1
2009;"rpereira";1
2010;"rperez";1
2011;"rpetian";1
2012;"rpfernandes";1
2013;"rpinho";1
2014;"rpires";1
2015;"rpoliti";1
2016;"rprando";1
2017;"rprizo";1
2018;"rpsantos";1
2019;"rpw";1
2020;"rpw5";1
2021;"rpwadt";1
2022;"rpwcat";1
2023;"rpwniy";1
2024;"rpwtce";1
2025;"rpwtgl";1
2026;"rpwtgx";1
2027;"rpwtla";1
2028;"rpwtli";1
2029;"rpwtlv";1
2030;"rquixada";1
2031;"rrachelle";1
2032;"rrascassi";1
2033;"rrbarbosa";1
2034;"rreis";1
2035;"rrenove";1
2036;"rrivarolli";1
2037;"rrmartins";1
2038;"rrmelo";1
2039;"rrocha";1
2040;"rrodrigues";1
2041;"rrosilva";1
2042;"rrpinho";1
2043;"rrsilva";1
2044;"rrsoares";1
2045;"rsalmeida";1
2046;"rsantos";1
2047;"rsbarbosa";1
2048;"rscastro";1
2049;"rscosta";1
2050;"rsdipre";1
2051;"rsgava";1
2052;"rsiebra";1
2053;"rsilva";1
2054;"rsilvaoi";1
2055;"rsilveira";1
2056;"rsjunior";1
2057;"rslima";1
2058;"rslvieira";1
2059;"rsmedina";1
2060;"rsoares";1
2061;"rsousa";1
2062;"rsouto";1
2063;"rsouza";1
2064;"rspereira";1
2065;"rssantos";1
2066;"rssilva";1
2067;"rssousa";1
2068;"rssouza";1
2069;"rstravate";1
2070;"rsvieira";1
2071;"rtesoto";1
2072;"rtomiato";1
2073;"rtovar";1
2074;"rtrentin";1
2075;"rtsilva";1
2076;"rubens";1
2077;"rubens.dsc";1
2078;"ruoliveira";1
2079;"rusouza";1
2080;"rute";1
2081;"rutismiro";1
2082;"rvferreir";1
2083;"rvferreira";1
2084;"rvieira";1
2085;"rztrentin";1
2086;"sabrina";1
2087;"salles";1
2088;"salome";1
2089;"salves";1
2090;"samara";1
2091;"sandra";1
2092;"sandrad";1
2093;"sandramc";1
2094;"sandro";1
2095;"sasilva";1
2096;"sbalarde";1
2097;"sbello";1
2098;"sbittencourt";1
2099;"sborges";1
2100;"scardoso";1
2101;"scebermam";1
2102;"schamorro";1
2103;"scmanochi";1
2104;"scoelho";1
2105;"sconsolo";1
2106;"scosta";1
2107;"scsantos";1
2108;"scsouza";1
2109;"sdandrade";1
2110;"sdfarache";1
2111;"sdutra";1
2112;"sebermam";1
2113;"sebsouza";1
2114;"selias";1
2115;"sergio.triah";1
2116;"sergiols";1
2117;"sergioluiz";1
2118;"sfabre";1
2119;"sferreira";1
2120;"sfidelis";1
2121;"sga";1
2122;"sgarbi";1
2123;"sgcastro";1
2124;"sgoes";1
2125;"sgouveia";1
2126;"shirlene";1
2127;"shleite";1
2128;"sidnei";1
2129;"silvia";1
2130;"silvio";1
2131;"simone";1
2132;"sis";1
2133;"sjamile";1
2134;"sjaszczolt";1
2135;"sjsantos";1
2136;"skill";1
2137;"skulka";1
2138;"skuwabara";1
2139;"slaraujo";1
2140;"slrodrigues";1
2141;"smaniotto";1
2142;"smarinho";1
2143;"smarques";1
2144;"smartins";1
2145;"smontez";1
2146;"smorais";1
2147;"smoutinho";1
2148;"smp";1
2149;"smsilva";1
2150;"solange";1
2151;"soraia";1
2152;"soraiad";1
2153;"spaiao";1
2154;"speixoto";1
2155;"spereira";1
2156;"sprado";1
2157;"spralon";1
2158;"srmoraes";1
2159;"srodrigues";1
2160;"srossi";1
2161;"srsantos";1
2162;"ssalles";1
2163;"ssalvi";1
2164;"ssantana";1
2165;"ssantos";1
2166;"ssduraes";1
2167;"ssilva";1
2168;"ssilveira";1
2169;"ssirqueira";1
2170;"ssousa";1
2171;"sssantos";1
2172;"sssilva";1
2173;"sssouza";1
2174;"sswiatek";1
2175;"stomaz";1
2176;"storrentes";1
2177;"stroncoso";1
2178;"suelen";1
2179;"suellen";1
2180;"suely";1
2181;"sumikawa";1
2182;"super";1
2183;"tabata";1
2184;"taffonso";1
2185;"taguiar";1
2186;"taina";1
2187;"taiza";1
2188;"takeuti";1
2189;"tamara";1
2190;"tamari";1
2191;"tamorim";1
2192;"tamoura";1
2193;"tamyres";1
2194;"tamyris";1
2195;"tania";1
2196;"tanjos";1
2197;"taraujo";1
2198;"tasilva";1
2199;"tasktotvs";1
2200;"tassia";1
2201;"tataide";1
2202;"tatiana";1
2203;"tatiana.dias";1
2204;"tatiane";1
2205;"tatianes";1
2206;"tatide";1
2207;"taugusto";1
2208;"taynasilva";1
2209;"tbarbosa";1
2210;"tbrito";1
2211;"tclopes";1
2212;"tcoliveira";1
2213;"tcorbani";1
2214;"tcosta";1
2215;"tcsilva";1
2216;"tdalmoro";1
2217;"tdbrito";1
2218;"telma";1
2219;"tencarnacao";1
2220;"teste";1
2221;"testefluig";1
2222;"testesda";1
2223;"tevangelista";1
2224;"tfabri";1
2225;"tfazevedo";1
2226;"tfelisardo";1
2227;"tfranco";1
2228;"tfreitas";1
2229;"tfsantos";1
2230;"tfurtado";1
2231;"tgcosta";1
2232;"tgodoy";1
2233;"tguimaraes";1
2234;"thachuy";1
2235;"thais";1
2236;"thaise";1
2237;"thales.totvs";1
2238;"thasantos";1
2239;"thprado";1
2240;"ti-projeto";1
2241;"tiago";1
2242;"tiparisi";1
2243;"tisantos";1
2244;"tjunior";1
2245;"tlima";1
2246;"tllima";1
2247;"tlopes";1
2248;"tmarchito";1
2249;"tmedeiros";1
2250;"tmota";1
2251;"tmpinheiro";1
2252;"tmsilva";1
2253;"tnbarbosa";1
2254;"tnishimura";1
2255;"tnogueira";1
2256;"toliveira";1
2257;"toninho";1
2258;"totvs";1
2259;"tpaviani";1
2260;"tplopes";1
2261;"tprado";1
2262;"tramos";1
2263;"trdelgado";1
2264;"treinert";1
2265;"triah";1
2266;"tribeiro";1
2267;"tros";1
2268;"trsilva";1
2269;"tsales";1
2270;"tsampaio";1
2271;"tsantos";1
2272;"tsaraujo";1
2273;"tsgomes";1
2274;"tsilva";1
2275;"tsimao";1
2276;"tsiqueira";1
2277;"tsoares";1
2278;"tsoliveira";1
2279;"tsouza";1
2280;"tssantos";1
2281;"tssouza";1
2282;"tsy";1
2283;"tszardini";1
2284;"ttotvs";1
2285;"ttrigo";1
2286;"tvieira";1
2287;"tvinicius";1
2288;"tzapelao";1
2289;"tzardini";1
2290;"tzfranco";1
2291;"ucardoso";1
2292;"ulisses";1
2293;"uteste";1
2294;"vabastos";1
2295;"vabretas";1
2296;"vadelino";1
2297;"vafreitas";1
2298;"vagner";1
2299;"valeria";1
2300;"valessa";1
2301;"valmeida";1
2302;"valter";1
2303;"vanderlei";1
2304;"vanessa";1
2305;"vanessa.totv";1
2306;"vanilson";1
2307;"vaoliviera";1
2308;"vaquino";1
2309;"varodrigues";1
2310;"vasilva";1
2311;"vazevedo";1
2312;"vbaccarini";1
2313;"vbcorrea";1
2314;"vbergamo";1
2315;"vblima";1
2316;"vbretas";1
2317;"vcampos";1
2318;"vcastro";1
2319;"vclopes";1
2320;"vcsilva";1
2321;"venancio";1
2322;"veridiana";1
2323;"veronica";1
2324;"verusca";1
2325;"vfmattos";1
2326;"vfsilva";1
2327;"vfwoycik";1
2328;"vgomes";1
2329;"vgonçalves";1
2330;"vhlima";1
2331;"vicente";1
2332;"vichiura";1
2333;"victor";1
2334;"vieira";1
2335;"vilma";1
2336;"vinicius";1
2337;"viniciusm";1
2338;"virginia";1
2339;"viviane";1
2340;"vlandim";1
2341;"vlgalvao";1
2342;"vlima";1
2343;"vlsantos";1
2344;"vmacedo";1
2345;"vmatias";1
2346;"vmoliveira";1
2347;"vmoreno";1
2348;"vmoretto";1
2349;"vomello";1
2350;"vomena";1
2351;"vpadilha";1
2352;"vpanjos";1
2353;"vpfernandes";1
2354;"vpiccolo";1
2355;"vqueiroz";1
2356;"vrcunha";1
2357;"vrevite";1
2358;"vrudnick";1
2359;"vrufino";1
2360;"vsantos";1
2361;"vsilva";1
2362;"vsouza";1
2363;"vspassos";1
2364;"vssilva";1
2365;"vssouza";1
2366;"vtonete";1
2367;"vtovani";1
2368;"vtsantos";1
2369;"vvalenca";1
2370;"vvalente";1
2371;"vvenancio";1
2372;"vvsilva";1
2373;"wagner";1
2374;"walberto";1
2375;"waldivino";1
2376;"wallace";1
2377;"walter";1
2378;"wanderley";1
2379;"wanderson";1
2380;"wasilva";1
2381;"wbarbosa";1
2382;"wbasso";1
2383;"wbernardes";1
2384;"wblopes";1
2385;"wbpinto";1
2386;"wbsilva";1
2387;"wcal";1
2388;"wcalmeida";1
2389;"wcastro";1
2390;"wcayres";1
2391;"wccardoso";1
2392;"wcsilva";1
2393;"wcsilva2";1
2394;"webspeed";1
2395;"wedsantos";1
2396;"welington";1
2397;"wellington";1
2398;"wesley";1
2399;"wfaustino";1
2400;"wfleite";1
2401;"wfmarotta";1
2402;"wfonseca";1
2403;"wgbueno";1
2404;"wilians";1
2405;"wilson.totvs";1
2406;"wlannes";1
2407;"wmarcos";1
2408;"wmsfat";1
2409;"woliveira";1
2410;"wpereira";1
2411;"wpessoa";1
2412;"wpoliveira";1
2413;"wpvieira";1
2414;"wrdsilva";1
2415;"wretta";1
2416;"wrjunior";1
2417;"wrocha";1
2418;"wrodrigues";1
2419;"wsantos";1
2420;"wsebastiao";1
2421;"wsilva";1
2422;"wsoares";1
2423;"wsouza";1
2424;"wssantos";1
2425;"wssilva";1
2426;"wvasconcelos";1
2427;"xavier";1
2428;"ykruguer";1
2429;"ymolina";1
2430;"yneto";1
2431;"yvone";1
2432;"zanutto";1
2433;"znpacheco";1
2434;"zuleika";1
